customer_id,fname,lname,age,email,address
645067,Mechelle,Stoneman,27,mechellestoneman@gmail.com,"150 Barnum Avenue Cutoff, Stratford, CT, 6614"
115679,Tyesha,Freitag,24,tyeshafreitag@yahoo.com,"200 Dutch Meadows Ln, Glenville, NY, 12302"
731585,Dean,Stoecker,56,deanstoecker@gmail.com,"1007 Red Farmer Drive, Hueytown, AL, 35023"
894432,Annelle,Pickney,49,annellepickney@yahoo.com,"1470 S Washington St, North Attleboro, MA, 2760"
529808,Margareta,Tacy,44,margaretatacy@gmail.com,"36 Paramount Drive, Raynham, MA, 2767"
976261,Meghann,Placencia,25,meghannplacencia@gmail.com,"2900 Pepperrell Pkwy, Opelika, AL, 36801"
692872,Kendrick,Cieslak,52,kendrickcieslak@yahoo.com,"4206 N College Ave, Jackson, AL, 36545"
811096,Polly,Isenberg,43,pollyisenberg@nyu.edu,"1625 Pelham South, Jacksonville, AL, 36265"
545050,Evelyne,Racicot,19,evelyneracicot@yahoo.com,"1903 Cobbs Ford Rd, Prattville, AL, 36066"
524613,Augustus,Delaune,59,augustusdelaune@hotmail.com,"900 Boston Post Road, Guilford, CT, 6437"
114396,Shawanda,Client,54,shawandaclient@yahoo.com,"1549 Rt 9, Halfmoon, NY, 12065"
294197,Loura,Coffield,45,louracoffield@yahoo.com,"2181 Pelham Pkwy, Pelham, AL, 35124"
443640,Lorriane,Machin,50,lorrianemachin@gmail.com,"3018 East Ave, Central Square, NY, 13036"
968675,Lacey,Osier,30,laceyosier@gmail.com,"700 Oak Street, Brockton, MA, 2301"
610746,Nicki,Malchow,22,nickimalchow@gmail.com,"5033 Transit Road, Clarence, NY, 14031"
804227,Sidney,Bodiford,58,sidneybodiford@nyu.edu,"3300 South Oates Street, Dothan, AL, 36301"
297857,Barbie,Cun,41,barbiecun@nyu.edu,"70 Pleasant Valley Street, Methuen, MA, 1844"
507465,Elden,Hanshaw,51,eldenhanshaw@nyu.edu,"25737 US Rt 11, Evans Mills, NY, 13637"
369251,Blossom,Loggins,28,blossomloggins@hotmail.com,"24833 Johnt Reidprkw, Scottsboro, AL, 35768"
467561,Joseph,Dennie,30,josephdennie@hotmail.com,"540 West Bypass, Andalusia, AL, 36420"
671140,Pattie,Markley,43,pattiemarkley@yahoo.com,"685 Schillinger Rd, Mobile, AL, 36695"
715915,Genevieve,Spahn,41,genevievespahn@nyu.edu,"1801 Hwy 78 East, Jasper, AL, 35501"
394244,Luciano,Jaworski,42,lucianojaworski@yahoo.com,"8551 Whitfield Ave, Leeds, AL, 35094"
425503,Noe,Mahler,18,noemahler@nyu.edu,"973 Gilbert Ferry Road Se, Attalla, AL, 35954"
852975,Karri,Bransford,42,karribransford@hotmail.com,"165 Vaughan Ln, Pell City, AL, 35125"
579944,Larae,Bonney,58,laraebonney@yahoo.com,"180 River Rd, Lisbon, CT, 6351"
292906,Sharita,Fierros,53,sharitafierros@hotmail.com,"2643 Hwy 280 West, Alexander City, AL, 35010"
663494,Frederica,Perla,22,fredericaperla@gmail.com,"3801 Eastern Blvd, Montgomery, AL, 36116"
260048,Mara,Elder,37,maraelder@yahoo.com,"4538 Us Hwy 231, Wetumpka, AL, 36092"
465540,Enola,Volz,40,enolavolz@hotmail.com,"141 Washington Ave Extension, Albany, NY, 12205"
770430,Leslie,Mccardell,20,lesliemccardell@hotmail.com,"5710 Mcfarland Blvd, Northport, AL, 35476"
212495,Gina,Coria,45,ginacoria@nyu.edu,"139 Merchant Place, Cobleskill, NY, 12043"
390413,Marietta,Taing,44,mariettataing@hotmail.com,"851 Ann St, Montgomery, AL, 36107"
956995,Karlyn,Buchholtz,49,karlynbuchholtz@gmail.com,"1300 Gilmer Ave, Tallassee, AL, 36078"
142260,Herma,Renken,25,hermarenken@hotmail.com,"750 Academy Drive, Bessemer, AL, 35022"
140906,Gertrud,Gillispie,21,gertrudgillispie@yahoo.com,"121 Worcester Rd, Framingham, MA, 1701"
542778,Kelsie,Lavoie,30,kelsielavoie@gmail.com,"3700 Hwy 280-431 N, Phenix City, AL, 36867"
462488,Selena,Jenney,39,selenajenney@nyu.edu,"10675 Hwy 5, Brent, AL, 35034"
126064,Teri,Schooley,21,terischooley@nyu.edu,"100 Charlton Road, Sturbridge, MA, 1566"
532186,Lizette,Campana,29,lizettecampana@gmail.com,"474 Boston Post Road, North Windham, CT, 6256"
421931,Mayra,Luby,21,mayraluby@gmail.com,"333 Main Street, Tewksbury, MA, 1876"
777598,Luisa,Finneran,37,luisafinneran@nyu.edu,"11697 US Hwy 431, Guntersville, AL, 35976"
235264,Genoveva,Herrod,41,genovevaherrod@gmail.com,"11 Jungle Road, Leominster, MA, 1453"
836535,Tandra,Toon,51,tandratoon@gmail.com,"297 Grant Avenue, Auburn, NY, 13021"
454142,Zoe,Mangrum,53,zoemangrum@yahoo.com,"13675 Hwy 43, Russellville, AL, 35653"
807336,Marquerite,Salaam,29,marqueritesalaam@yahoo.com,"42 Fairhaven Commons Way, Fairhaven, MA, 2719"
741841,Alva,Fonte,43,alvafonte@hotmail.com,"1818 State Route 3, Fulton, NY, 13069"
581135,Maudie,Cage,52,maudiecage@hotmail.com,"1105 Boston Road, Springfield, MA, 1119"
424406,Hilde,Greaves,24,hildegreaves@hotmail.com,"7855 Moffett Rd, Semmes, AL, 36575"
280203,Christiana,Rippe,37,christianarippe@nyu.edu,"41301 US Hwy 280, Sylacauga, AL, 35150"
181479,Bulah,Warr,19,bulahwarr@yahoo.com,"5919 Trussville Crossings Pkwy, Birmingham, AL, 35235"
144657,Azzie,Stolte,44,azziestolte@gmail.com,"1000 State Route 36, Hornell, NY, 14843"
155199,Sharri,Whistler,46,sharriwhistler@gmail.com,"1400 Farmington Ave, Bristol, CT, 6010"
685032,Rebecka,Holliman,20,rebeckaholliman@hotmail.com,"164 Danbury Rd, New Milford, CT, 6776"
342623,Bryce,Muse,38,brycemuse@yahoo.com,"1970 S University Blvd, Mobile, AL, 36609"
472951,Merideth,Marcus,52,meridethmarcus@hotmail.com,"890 Odum Road, Gardendale, AL, 35071"
113972,Nova,Boden,34,novaboden@yahoo.com,"3176 South Eufaula Avenue, Eufaula, AL, 36027"
696323,Granville,Watchman,32,granvillewatchman@gmail.com,"970 Torringford Street, Torrington, CT, 6790"
919129,Marquerite,Dearborn,24,marqueritedearborn@gmail.com,"1400 County Rd 64, Horseheads, NY, 14845"
585180,Arielle,Ketcham,38,arielleketcham@yahoo.com,"1300 Montgomery Highway, Vestavia Hills, AL, 35216"
488269,Shona,Buggs,21,shonabuggs@hotmail.com,"352 Palmer Road, Ware, MA, 1082"
800914,Aleta,Ciesla,37,aletaciesla@gmail.com,"844 No Colony Road, Wallingford, CT, 6492"
643489,Jenni,Wichman,32,jenniwichman@yahoo.com,"4180 Us Hwy 431, Roanoke, AL, 36274"
132192,Cuc,Phinney,34,cucphinney@gmail.com,"6265 Brockport Spencerport Rd, Brockport, NY, 14420"
111736,Danica,Fleig,46,danicafleig@gmail.com,"517 West Avalon Ave, Muscle Shoals, AL, 35661"
708770,Shaquana,Emigh,27,shaquanaemigh@nyu.edu,"100 Elm Ridge Center Dr, Greece, NY, 14626"
961091,Brinda,Master,43,brindamaster@nyu.edu,"600 Boll Weevil Circle, Enterprise, AL, 36330"
699506,Janell,Hinojos,53,janellhinojos@gmail.com,"80 Town Line Rd, Rocky Hill, CT, 6067"
250478,Karri,Celestin,55,karricelestin@gmail.com,"161 Berlin Road, Cromwell, CT, 6416"
887561,Enid,Bouley,47,enidbouley@gmail.com,"656 New Haven Ave, Derby, CT, 6418"
785242,Desire,Klenke,57,desireklenke@yahoo.com,"3949 Route 31, Clay, NY, 13041"
372023,Brian,Chamberlain,38,brianchamberlain@nyu.edu,"300 Colony Place, Plymouth, MA, 2360"
190194,Kristeen,Farabaugh,39,kristeenfarabaugh@nyu.edu,"10401 Bennett Road, Fredonia, NY, 14063"
724131,Gilda,Vanatta,20,gildavanatta@nyu.edu,"34301 Hwy 43, Thomasville, AL, 36784"
495114,Princess,Bumbrey,57,princessbumbrey@hotmail.com,"1972 Hwy 431, Boaz, AL, 35957"
525285,Earlie,Townson,34,earlietownson@hotmail.com,"5335 Hwy 280 South, Hoover, AL, 35242"
539977,Fumiko,Laliberte,46,fumikolaliberte@yahoo.com,"101 South Beltline Highway, Mobile, AL, 36606"
299649,Sherie,Chason,18,sheriechason@yahoo.com,"72 Main St, North Reading, MA, 1864"
911863,Gricelda,Maravilla,23,griceldamaravilla@gmail.com,"66-4 Parkhurst Rd, Chelmsford, MA, 1824"
936600,Serafina,Knoll,36,serafinaknoll@yahoo.com,"1365 Boston Post Road, Milford, CT, 6460"
185266,Sachiko,Younkin,44,sachikoyounkin@hotmail.com,"301 Falls Blvd, Quincy, MA, 2169"
223825,Jena,Noles,37,jenanoles@gmail.com,"3100 Hough Rd, Florence, AL, 35630"
970550,Shelby,Wiser,18,shelbywiser@yahoo.com,"2473 Hackworth Road, Adamsville, AL, 35005"
198248,Margareta,Spies,34,margaretaspies@gmail.com,"1916 Center Point Rd, Center Point, AL, 35215"
398107,Dinorah,Furey,56,dinorahfurey@gmail.com,"626 Olive Street Sw, Cullman, AL, 35055"
481436,Kiyoko,Lechuga,57,kiyokolechuga@yahoo.com,"1608 W Magnolia Ave, Geneva, AL, 36340"
501972,Danny,Kreger,53,dannykreger@yahoo.com,"680 Connecticut Avenue, Norwalk, CT, 6854"
477599,Nolan,Fenwick,52,nolanfenwick@nyu.edu,"777 Brockton Avenue, Abington, MA, 2351"
989381,Lesli,Unrein,23,lesliunrein@gmail.com,"2041 Douglas Avenue, Brewton, AL, 36426"
227962,Donya,Bartle,34,donyabartle@gmail.com,"3191 County rd 10, Canandaigua, NY, 14424"
884910,Palma,Flanery,23,palmaflanery@nyu.edu,"233 5th Ave Ext, Johnstown, NY, 12095"
710936,Kenny,Clothier,49,kennyclothier@hotmail.com,"591 Memorial Dr, Chicopee, MA, 1020"
899341,Kristen,Lossing,24,kristenlossing@gmail.com,"1600 Montclair Rd, Birmingham, AL, 35210"
111176,Karoline,Felix,22,karolinefelix@gmail.com,"625 School Street, Putnam, CT, 6260"
570959,Alan,Voll,43,alanvoll@nyu.edu,"6140A Univ Drive, Huntsville, AL, 35806"
516059,Glenda,Woolfolk,30,glendawoolfolk@nyu.edu,"315 Foxon Blvd, New Haven, CT, 6513"
510028,Alyson,Hosack,39,alysonhosack@hotmail.com,"550 Providence Hwy, Walpole, MA, 2081"
319172,Francis,Sines,32,francissines@gmail.com,"209 Lakeshore Parkway, Homewood, AL, 35209"
984747,Riley,Bagnall,37,rileybagnall@nyu.edu,"250 Hartford Avenue, Bellingham, MA, 2019"
548819,Carmina,Camp,39,carminacamp@yahoo.com,"4975 Transit Rd, Lancaster, NY, 14086"
